date,Urals loading,NWEMURL.CRMc1,.IMOEX,LCOc1
2017-01-08,10597030.718284179,-2.43708412735549,2919.8428649817015,67.71507800547835
2017-01-15,12843987.197914928,0.482366833850866,2789.741085684847,80.43835777277107
2017-01-22,13567450.785798851,2.7059144732282583,2294.9919724297015,54.36378004804273
2017-01-29,11380232.088488165,4.263067321294981,3851.931309394874,51.45872931165464
2017-02-05,15237929.90008743,5.612464616932227,2286.495647822076,52.10090933387342
2017-02-12,7618168.169666372,6.782591685115068,3212.6566699593786,58.566130495779795
2017-02-19,13797746.68012207,-0.01909835037157026,2518.4079804576963,49.44168789360096
2017-02-26,13970698.295033809,-4.125038473016028,2730.104235724113,58.00078099774658
2017-03-05,12165608.807075704,7.052637356575864,3307.3869822835914,75.54645361188153
2017-03-12,11481989.635991286,2.0907821203534724,3869.5966000295175,56.27637605989694
2017-03-19,9853794.535282396,2.7464811972187104,2806.9858653601914,56.710518965333975
2017-03-26,16669635.525050996,-1.2617061626519437,2749.545800851429,64.2153483113003
2017-04-02,11067703.970467161,4.689540616402244,3792.9861529579853,72.91166422711554
2017-04-09,14205221.298728997,-1.0116006147439878,2203.89316722026,71.22948339494815
2017-04-16,14704177.666577006,-0.8394826597654297,2679.8372435840038,68.89317377856382
2017-04-23,13597271.743310478,5.241010404770069,2701.200305906279,51.07274282638322
2017-04-30,9626109.041420907,-2.280015229968283,2160.8119001254604,50.90184309771386
2017-05-07,11012310.751638867,-2.263285131242113,3170.286123413877,67.64502747087977
2017-05-14,12234255.70166464,-3.291717963277799,1830.8105578510604,24.211091327389695
2017-05-21,11856498.514150115,8.533660264021002,2907.0588619623923,63.08949609909903
2017-05-28,12799465.7363328,4.073494228216293,2461.6568121072964,75.95130857792213
2017-06-04,14609721.00697741,1.6817409687010534,2795.531817285713,76.14300294793392
2017-06-11,13752791.637017261,-1.5439739982176572,2296.2124587791727,61.072978620784305
2017-06-18,14282483.59704048,6.564843879562776,2724.750686302476,60.270809606779736
2017-06-25,11213730.295110166,2.4958635922758923,2645.4144048238386,58.84197748715909
2017-07-02,16475485.270760529,4.499659195373981,2597.5372415683123,63.455943921953626
2017-07-09,12619965.08373154,2.054799935499015,2449.962984647236,80.1286302341165
2017-07-16,11332308.37370213,1.055510605311879,2824.1566728119565,39.624101274020134
2017-07-23,11938943.305404086,-1.0112436947469035,1350.5335878624646,45.76410660087768
2017-07-30,12230830.151699953,1.0249778472405606,3364.2846680553685,80.02045734374317
2017-08-06,9692189.249572977,7.890884395148887,3426.423437733378,78.79900031560265
2017-08-13,10319897.948120803,1.5743753465520685,1636.0996538813606,36.79355474070883
2017-08-20,11817748.263978917,1.2636562682950623,3025.1271945934377,46.40977918044678
2017-08-27,15390026.900578478,-3.951376263709002,2184.6603571075884,51.733018706905796
2017-09-03,14532122.97023828,6.4587339574515354,2701.063348223667,73.75697538521086
2017-09-10,11424817.475984495,-0.5036874179953421,2041.3886182990552,35.84310832223551
2017-09-17,11325137.665285803,4.889536933400584,2344.2407868510145,42.37110631508817
2017-09-24,10519472.322885234,0.7677048204016883,2682.0195006981075,60.789772153316335
2017-10-01,14214760.226270719,4.121895946373011,2416.0682967275084,64.88548632313842
2017-10-08,6388033.956923897,-1.0191529088197382,2920.8846978227607,40.202598718660326
2017-10-15,15120644.391319871,4.478269697518956,2030.5797399230298,72.28469952001056
2017-10-22,9162339.576671645,-3.9159614512347263,2728.003288871373,65.4299829414289
2017-10-29,12878526.962192861,4.596608566345687,3078.7012710579147,55.85309262664332
2017-11-05,12361152.399267437,-0.8303705409274609,2506.5937745847486,62.6373872538696
2017-11-12,12084140.629030189,-7.987079988522427,1905.1891676702985,50.83057299357522
2017-11-19,10200581.046043534,0.5134752392646216,3355.797826262486,52.109830236229634
2017-11-26,12811120.337720124,1.8454190195052036,2260.5703214158584,63.10176250113839
2017-12-03,14727469.740539107,0.04015499632587449,3354.459579167306,66.73872694062031
2017-12-10,11465910.194830064,1.7517185311587362,3470.1894121015885,69.00397413110862
2017-12-17,14841417.21026,5.404509247484169,2408.8932410706257,63.239490765155836
2017-12-24,11024142.911756521,-1.2527551366506935,2492.6437135163205,69.12055873863491
2017-12-31,16359577.358455803,1.1646279671296953,2897.1067448457393,75.71670436340001
2018-01-07,10540666.488599168,-4.279261207472434,685.2286132638205,45.61218514209038
2018-01-14,9191159.825265892,-1.0839789450895814,2591.8841691046287,51.51973306657043
2018-01-21,14500063.207167635,1.519231751902257,2655.997875508951,59.20775948366847
2018-01-28,5007998.836412866,9.028819733222688,4347.086392118389,71.59610916087503
2018-02-04,13575005.960614845,4.5213583887609285,1987.7532645203833,57.17883570787966
2018-02-11,14323220.83207649,0.26689379820759895,2156.3144389087547,51.515970880582046
2018-02-18,11984008.686827365,1.5497298525992875,3094.251669805859,88.03172828182252
2018-02-25,18350148.903107867,-1.4506438154117731,2103.6080442178795,58.7401994010792
2018-03-04,14560614.509780139,-0.5411140122322156,2582.4469861873677,69.62046437933486
2018-03-11,15814267.397172261,3.9061683928958306,2603.3039899765595,60.95250826331196
2018-03-18,6696455.491568694,-1.8440880528769505,2934.2952562538085,40.13135636991184
2018-03-25,5599822.022385036,2.033207354342013,2671.956519471412,32.72526300763447
2018-04-01,8229160.970345292,0.33140506676852577,3433.0226538596344,66.16556806913869
2018-04-08,14973839.62509391,3.4193196762726776,2518.0552389379163,28.25871485156931
2018-04-15,12900601.063087413,8.278231707246889,3353.8258253949903,86.10551788685532
2018-04-22,13476972.434574336,7.130421884720131,2533.2509390957507,77.23842961994049
2018-04-29,8548118.719385212,0.009090970971894485,3004.286782058001,46.95033137775892
2018-05-06,11512130.378137356,3.657967302872316,3104.23380591093,64.37136253142663
2018-05-13,11775119.07076957,6.2170859958323375,2374.2948704050314,74.45528081553216
2018-05-20,5566381.701489354,1.6215474600669462,4349.097848630585,63.70039354516016
2018-05-27,11260240.64843161,3.875713809169212,3137.4806458478834,61.18497075899903
2018-06-03,13936038.012522686,3.6253987532536183,2092.4840180006627,62.06016978432516
2018-06-10,9358411.319590513,0.18927871786368056,2771.1451588220966,65.87420769624578
2018-06-17,14672749.90309868,0.7378067947971705,2823.174633249508,74.70802403364036
2018-06-24,12188372.516409041,4.397967369408853,2646.1994296820644,74.4399894849145
2018-07-01,10442134.086126612,-1.4967809783124664,2968.4704464391316,58.335199662237216
2018-07-08,9586478.830860546,2.000003646618154,2468.4170166993845,68.72308215236279
2018-07-15,10027538.244419536,2.799477063007388,3062.9601360002507,64.2836100260166
2018-07-22,11825911.893302342,-5.624671847175211,2407.9778584681335,48.95798754759816
2018-07-29,15216982.02269374,0.8639216568920869,3145.5604421444377,83.22327720039608
2018-08-05,10205338.6583161,4.343372605465081,2521.821585759935,55.66098680344348
2018-08-12,11891062.155924406,3.4326863146990423,3116.3160261975117,75.1168547267093
2018-08-19,14661996.320795909,4.116045135172126,2690.1047926187734,69.57675630400871
2018-08-26,14651922.198738046,3.415675027574358,2373.9004911825186,64.73661777335423
2018-09-02,13572258.86626977,5.413611142735598,2468.9170684424284,45.0484340028667
2018-09-09,14332875.965772435,-2.505153305509201,2656.4809739578823,67.89305666428078
2018-09-16,9487351.152638765,5.293291223132017,3022.834240282177,59.07677073321563
2018-09-23,12181029.533895098,4.946194453492085,2874.6861088608416,66.05529846163928
2018-09-30,10527450.411704918,-0.5409553859940148,1988.0588770420275,50.310875935362986
2018-10-07,10002356.029294766,2.3612424866073525,3116.062304254174,63.66461884215246
2018-10-14,11823820.974544756,0.944400471615503,3175.694862949952,65.21729862073587
2018-10-21,7662762.333050871,4.903091838514499,2543.8975153357783,75.34672962587786
2018-10-28,9442277.771276386,5.597317325172906,2833.6861399691384,81.51516557780508
2018-11-04,14705728.142513534,2.847402872795343,2842.774371595377,43.223328831134644
2018-11-11,14457967.228867572,-4.044988185884083,2442.1062793946717,66.48315478965924
2018-11-18,9202159.744314348,0.3883804369148669,3280.205103271452,51.58943706906353
2018-11-25,16182997.278318992,2.5480661844249566,1357.713647211066,68.02633940076609
2018-12-02,17390920.947511643,-3.2481480810516716,1527.0093603057226,57.73181947913795
2018-12-09,17025972.314223215,2.1033897377826603,2652.75531033644,68.87176669451841
2018-12-16,13507780.617070056,1.293277022676825,2254.8885294557435,47.29421464631764
2018-12-23,11754280.123750448,5.501496079486903,2458.956706631091,65.62852281404983
2018-12-30,16840546.309709385,3.3882314124277997,1614.7269464071026,62.223307723736056
2019-01-06,7355299.745631778,2.373040374886852,3042.4683527107763,68.95859672779588
2019-01-13,5788613.677780885,-2.477197280423093,2250.8009459525674,43.25571606586607
2019-01-20,10139989.429302046,-1.7698351917044866,2111.918040088659,41.455814883233955
2019-01-27,8870125.951601297,9.203490745428834,3970.480604959679,54.01897914351449
2019-02-03,12952369.298189742,1.9221673216671011,2246.922331812648,74.54500939209335
2019-02-10,7117148.215421396,2.3657948514504357,3901.4856445317914,44.969386801118496
2019-02-17,10943354.397931002,1.1535852950048056,2832.5618191810104,37.39657448469059
2019-02-24,16134533.880904883,4.496886855276963,2013.605814160233,65.1327655232004
2019-03-03,13703929.881963985,-0.3889095514767691,3182.49913974893,67.6017686197014
2019-03-10,15154598.891945016,3.700029957510111,2186.7833482070273,55.264266134222815
2019-03-17,12453164.178077178,6.218209496129193,3271.403276563624,60.57858430324561
2019-03-24,6083823.252274646,0.9948317567060915,3191.7840155225217,47.57487793646539
2019-03-31,12469451.193821374,-0.0029828680883849934,2813.08988368459,69.41406545845271
2019-04-07,13755069.621789202,9.499680999413407,2907.1099542168517,62.2493765275392
2019-04-14,16782369.68719533,2.434230892982701,1569.3037824352782,76.1965581346175
2019-04-21,10351564.43700444,-0.18644528567403684,2687.4565444719387,91.75408310734858
2019-04-28,12517379.23167886,1.1300354518293627,3221.5462901907335,48.8661720009861
2019-05-05,14449414.663895294,6.040759177758322,3325.267419208823,63.48970917339587
2019-05-12,6937217.315956582,-3.33202881527032,2647.033465769221,51.68400280342944
2019-05-19,11886254.621508036,1.6819614842960027,3219.9597344197105,82.21553972317632
2019-05-26,15312990.747043584,5.917804781919841,2563.4611400640106,55.205167412485935
2019-06-02,9276701.674744055,-1.999124016219608,1879.1583273834494,33.000862585546486
2019-06-09,14124428.680436794,4.6739843914135815,2827.1718768941055,58.86059656069592
2019-06-16,11974939.958163176,2.8619690217877416,3195.8151995796115,68.2826062024869
2019-06-23,12858727.82029201,-0.12155029938989292,3166.6007116597384,60.329722727675914
2019-06-30,10584109.07745993,0.36532878294373816,3391.856628080299,66.00525005574814
2019-07-07,17256481.14007295,-0.7968539416373375,1992.8162534792632,55.775267748340326
2019-07-14,14470653.686929684,2.2090822986234664,3538.317510631734,54.93387605122474
2019-07-21,11325630.541002356,8.262448450474327,3290.0473258570596,71.86003619562055
2019-07-28,12327267.04965636,2.3373347012107692,3380.336665268454,60.506823286266474
2019-08-04,14769341.509925302,4.520912058721277,2716.7049550697825,76.52912961468485
2019-08-11,9554887.432522895,-1.4595228926594044,3561.36840336362,70.68753385890155
2019-08-18,19722860.59239944,3.28608290790848,2542.921111990302,78.6799612919961
2019-08-25,10983073.966811964,2.9523021198181967,3149.6220699013425,64.11754885455652
2019-09-01,8533920.320550017,3.3128696220354117,2868.3011849734967,60.001240908820094
2019-09-08,13623194.791733783,3.763117570196827,2837.4532465570787,69.0152049858138
2019-09-15,11233238.374935007,1.8698042171299623,1625.7514931815122,58.7478896114707
2019-09-22,8431138.475226585,4.446182409230801,3248.662277060636,37.219926614029475
2019-09-29,17875618.025204644,-3.2887696447722368,2444.1924615848247,68.74921823336518
2019-10-06,11119017.933849756,9.598771572259963,2922.4712443185576,70.04779317535528
2019-10-13,11399747.178828124,-3.0801356063689083,2344.3182844706635,40.226258713176094
2019-10-20,11083450.46411888,-4.627669640246591,3035.4889060496507,69.58919470481123
2019-10-27,11564989.31985076,4.207015006853926,2623.9305169678664,54.0390322934188
2019-11-03,9571354.648915263,4.197895737025575,3406.5419270669863,63.920437338454704
2019-11-10,10651552.562717862,3.88494653507319,2650.5524533551334,69.23343664993692
2019-11-17,12953808.490809401,1.2050215828175388,3198.75678282858,62.19265303297087
2019-11-24,9796851.010027878,-1.1681443532423095,3425.0953166753397,73.5339499199539
2019-12-01,10853061.770287652,4.075303314829126,1768.4494169665104,41.229410494723055
2019-12-08,17592555.645247556,1.1686442478827979,1430.6637399052936,65.41431567159476
2019-12-15,11263386.49314744,3.6975973708707515,3419.048377328796,93.10770919347422
2019-12-22,11787793.309805743,0.9223223713650769,2337.6735076727155,62.21558855488554
2019-12-29,14554323.453858713,-1.7771063001284508,2253.9166096693434,81.71308781947042
2020-01-05,7226069.745839879,2.3077196221976397,3404.9949183325034,48.29893107298281
2020-01-12,11952794.315724557,-4.68342713208817,2117.6953053332004,36.73927150166624
2020-01-19,12609887.914952086,6.961020879387286,2917.296597024906,52.3933263160263
2020-01-26,9593383.175268384,5.364232048965995,2883.4196999400374,43.93004758389477
2020-02-02,13156439.304970734,5.272084584306393,1696.562352241945,50.090074263516314
2020-02-09,12879618.1815393,0.8381685267498578,2808.9208638429122,33.565288835556444
2020-02-16,12834091.239404345,-1.224332894632954,2268.5348225293455,78.5191948613296
2020-02-23,12950776.416358396,3.930682907495597,3270.3722337349686,95.97360953176258
2020-03-01,12081289.526905013,2.5063548348601437,2734.4374070666113,63.297122657364255
2020-03-08,13887762.028495796,4.004398582431628,2879.9876306717624,65.15491746702725
2020-03-15,14315664.285062708,-3.1422051509368663,2478.474154281605,59.968950227233904
2020-03-22,20274172.675574005,8.14896827474779,1438.2228996004396,76.24936664178279
2020-03-29,13177661.44442609,3.8997172021736763,2839.792521247906,48.42118164577647
2020-04-05,15538433.18757309,-3.0484493108336093,1454.8975674970184,65.4360413919588
2020-04-12,9905427.13429023,0.9985018590194453,3532.4353070362654,59.27922990774217
2020-04-19,15881385.134276602,2.346260522650681,2010.0686849036776,58.08605673137214
2020-04-26,9938359.997535761,-2.245074558713787,2646.985027867536,52.87474300399414
2020-05-03,15447700.869488772,2.6696692712048895,2099.9148608524592,67.36283696756415
2020-05-10,11121460.110905632,3.982435020786511,3501.2998589557105,76.87228110044889
2020-05-17,13731156.714375835,5.189303097893184,1997.4699546651664,49.03972483820486
2020-05-24,16909765.76731909,-4.937082259336589,1986.093404153231,48.51534057985285
2020-05-31,18524732.476964124,0.8856393390585267,1242.0155756956883,60.34497537552324
2020-06-07,13799395.642456934,-1.959254424251215,2356.4506252195197,60.261966111705306
2020-06-14,11772935.35950197,1.8025791864780687,2661.852874718888,55.927043626878174
2020-06-21,11177817.169166658,0.15824119155649363,3754.492395940447,54.53549563012546
2020-06-28,11598809.910294466,0.9778174554682498,2863.6146378704752,61.7961857717911
2020-07-05,13783533.777048767,5.690554757257043,3018.3455259741727,68.72815095885142
2020-07-12,10868993.768197674,2.2950737008067126,3775.24835869856,80.28584782581872
2020-07-19,11336983.384057298,-1.1444750608053837,2230.273990539577,73.57032001599707
2020-07-26,17783640.04985741,2.3304637499142196,2972.487868137807,66.25710405001813
2020-08-02,10532638.493890218,5.019859349753645,3254.7692538107535,65.3498354971846
2020-08-09,14004144.754256506,6.752506974310054,3352.9686087557525,59.90973591879959
2020-08-16,15124307.74420302,-7.848643339057683,1880.952712792265,48.25020403006869
2020-08-23,10607472.035774136,-0.869676065780209,2737.8615696953266,49.33765282447172
2020-08-30,13893836.39554907,3.4589357225345125,2503.938336104507,90.17457751426915
2020-09-06,8590823.046886934,-3.10977976839881,3400.9718415770967,61.37309404426979
2020-09-13,14051641.316625115,2.662283176697475,1542.7666475953008,60.940358495690106
2020-09-20,10179858.511971992,6.564528619501544,2330.71199003543,60.675617451240484
2020-09-27,14359601.317457048,0.03532651233857087,2673.4492710578543,63.732002960840255
2020-10-04,11577794.920690479,1.2105038188524073,3511.291704572328,71.89273080903072
2020-10-11,10403110.856183086,0.1277884357878365,2251.711694799831,62.95606890860771
2020-10-18,12339828.673994588,2.747884119600098,3631.647520043053,74.80984475157538
2020-10-25,11289179.807811532,-1.018145939950187,3502.1770265844325,55.32611474162151
2020-11-01,12245720.416940855,1.3199415412363678,2325.099645814557,57.873576477278846
2020-11-08,9239482.680269474,3.9119585041349323,3242.899400006697,62.08111505934959
2020-11-15,13459915.05846006,3.7651610090253413,2781.598502314744,66.30672585975191
2020-11-22,8263455.637800287,4.001959992076294,3535.1652769394773,60.06996697150769
2020-11-29,7675569.3391104005,7.169695414486137,2970.902836574958,66.96789152173173
2020-12-06,11303102.207706567,-2.0831198487730793,2285.424289961494,56.64453845320433
2020-12-13,13714448.822924197,3.1938552323116802,1796.3505056875038,80.27498591753077
2020-12-20,13493752.386607822,3.2905245338564106,1789.769551843092,71.90727456952735
2020-12-27,13415922.64959058,4.307553410867079,2769.993031218621,48.83957556650368
2021-01-03,15211212.596014202,1.660954221232434,2895.6983786032515,67.66044029858456
2021-01-10,7357302.695004135,4.0125460083202285,3667.373152665787,72.67720839909322
2021-01-17,12276182.974108478,-0.4149272891525966,2326.477812463975,45.345183028665836
2021-01-24,11612377.776518235,-6.103766619233606,2482.9547884203207,61.52650282342793
2021-01-31,14084761.375418758,3.709537508618976,2855.035686268235,58.766071029282315
2021-02-07,14083676.483996082,3.5436962915516723,1889.8613448801266,72.10354353254375
2021-02-14,14683081.464002147,-0.8148382676769672,2243.6665662401715,54.97691778883661
2021-02-21,11500253.13262523,-1.7996052555897872,3618.732833608597,85.78581638599712
2021-02-28,14008051.884592654,1.2553589356548163,2780.8189544767783,68.06093312283843
2021-03-07,10099505.11547561,2.8915282446998707,1755.1750306832216,46.44611997379868
2021-03-14,16364649.627597865,-3.364695083678116,2780.670015782035,68.80106884674956
2021-03-21,13715441.434133703,-2.0832744847009312,2461.698580210109,61.35894742886679
2021-03-28,4355390.601458223,-1.0606287527083582,3650.784887113345,51.400390626489646
2021-04-04,10027727.162770227,2.027203667873568,1852.7015098177778,55.673584173648216
2021-04-11,10308222.353130741,-0.0513363564409135,2243.8081024610156,62.579334617347115
2021-04-18,8844761.649587749,-0.20919626893650722,2329.4596770751505,67.08548498492415
2021-04-25,12637895.948968839,5.043492982716361,2592.9488841047173,73.8871195847649
2021-05-02,10990675.532807643,-1.8057763425031075,3030.8228716506005,62.595513470879965
2021-05-09,11536604.255114386,-1.2032296360032886,2739.566114693835,45.43525986357074
2021-05-16,10139656.649084283,-0.5358213916356562,1666.0353354535246,44.39305558472583
2021-05-23,11357415.768788427,-0.19858628224362196,1895.0807541830814,50.97762218006014
2021-05-30,10255215.111853331,0.9705681363881942,2765.635764699512,53.446856111162376
2021-06-06,8823373.179900873,5.088191042681368,3563.3414399273215,64.76538114105243
2021-06-13,8450099.061559305,1.6747951656385336,3872.6173830832886,59.613637151860374
2021-06-20,7311114.757495943,-4.191481323783571,3148.061171981349,51.10244225472051
2021-06-27,16575842.466703262,5.312916363403936,3586.9216025770793,81.61798589308793
